No.,Question,Answer,Category
1,ما أهمية قانون العمل بالنسبة لأفراد المجتمع؟,تأتي أهمية قانون العمل من كونه ينظم علاقات قطاع عريض من أفراد المجتمع، وتمثل شريحة كبيرة، وهم السواد الأعظم من العاملين من أفراده هم (العمال)، وحياة هؤلاء مرتبطة بعملهم الذي يتوقف عليه مستوى معيشتهم وإنسانيتهم وصحتهم وكرامتهم، وقانون العمل يشمل الأجور وساعات العمل وأيام الراحة والإجازات السنوية والمرضية وإصابات العمل وغير ذلك. وقانون العمل أصبح له أثر واضح في الحياة الاجتماعية والسياسية والاقتصادية، وتزداد أهميته في الحياة العملية، ويكسب كل يوم أهمية عظيمة، لأنه قانون يعكس التغير الحادث في المجتمع، وهو قانون واقعي متطور، تختلف قواعده باختلاف ظروف العمل والبيئة والأشخاص العاملين، لتحقيق الغاية الصالح العام، فهو ينظم عمل الأحداث والنساء والأجانب، ويخصهم بقواعد خاصة، ويستهدف قانون العمل أساساً حماية العمال في مواجهة أصحاب العمل، لذلك جاءت أغلب القواعد آمرة لا يجوز للأفراد الاتفاق على ما يخالفها.,تعريف وأحكام عامة في قانون العمل الكويتي
2,هل تسري أحكام قانون العمل على جميع أفراد المجتمع؟,لا تسري أحكام قانون العمل إلا على العاملين في القطاع الأهلي، وعقد العمل البحري والقطاع النفطي. ولا يشمل العاملين بالقطاع الحكومي، الذين يعينون بالجهاز الإداري في الدولة حيث يخضعون لقانون خاص (قانون الخدمة المدنية).,تعريف وأحكام عامة في قانون العمل الكويتي
3,ماذا يقصد بالعامل في قانون العمل الكويتي؟,العامل: كل ذكر أو أنثى يبلغ سن (18) سنة، ويؤدي عملاً يدوياً أو ذهنياً لمصلحة صاحب العمل وتحت إدارته وإشرافه، مقابل أجر يلتزم به صاحب العمل بدفعه للعامل سواء كان شهرياً أو يومياً.,تعريف وأحكام عامة في قانون العمل الكويتي
4,ما المقصود بصاحب العمل؟,المقصود بصاحب العمل كل شخص طبيعي أو اعتباري يستخدم عاملاً مقابل أجر.,تعريف وأحكام عامة في قانون العمل الكويتي
5,ماذا يقصد بالمنظمة في قانون العمل؟,المنظمة: هي تنظيم يجمع مجموعة من العمال أو أصحاب الأعمال، تتشابه أو ترتبط أعمالهم أو مهنتهم أو وظائفهم، ويرعى مصالحهم، ويدافع عن حقوقهم ويمثلهم في كافة الأمور المتعلقة بشؤونهم.,تعريف وأحكام عامة في قانون العمل الكويتي
6,هل يجوز مخالفة أحكام قانون العمل؟,إن أحكام قانون العمل أحكام آمرة متعلقة بالنظام العام ومخالفتها يترتب عليه آثار أهمها: 1- بطلان كل شرط مخالف لأحكام قانون العمل ما لم يكن أكثر فائدة ومزية للعامل. 2- تقرير جزاء جنائي على مخالفة أي حكم من أحكام قانون العمل والقرارات الصادرة تنفيذاً له حسب نوع المخالفة.,تعريف وأحكام عامة في قانون العمل الكويتي
7,ما المقصود بالأجر الذي يتقاضاه العامل؟,يقصد بالأجر كل ما يتقاضاه العامل من أجر أساسي يضاف إليه كل ما يتقاضاه عادة من علاوات أو مكافآت أو عمولة أو منح أو أية مزايا نقدية أو عينية دورية.,ظروف العمل والأجر
8,ما مواعيد دفع رواتب العاملين؟ وهل يجب تحويلها إلى البنوك؟,قانون العمل الكويتي الجديد ألزم أصحاب الأعمال بدفع رواتب العاملين عن طريق حساباتهم في البنوك المحلية، وذلك لضمان حقوق العامل، ومساعدته على متابعة حقوقه المالية، والقضاء على المنشآت الوهمية التي تتلاعب بالالتزامات المالية للعمالة الوافدة. كما ألزم القانون أصحاب الأعمال بدفع رواتب العمال (الأجور) مرة على الأقل كل شهر، ولا يجوز تأخير دفع الأجور عن اليوم السابع من تاريخ الاستحقاق، وبالعملة المتداولة.,ظروف العمل والأجر
9,متى تكون السيارة المقدمة للعامل أو بدل الانتقال أو بدل الاحتفال أو تذكرة السفر عنصرًا من عناصر الأجر وليس ميزة؟,فإذا قرر للعامل بدل انتقال كبير، وليس عوضًا عن نفقات تكبدها في سبيل تنفيذ الأعمال وإنجازها، فإن ذلك البدل يعد من عناصر الأجر، فإذا كانت السيارة المقدمة للعامل أو بدل الانتقال غير قاصر على التنقلات التي يتطلبها أداء العمل بل تمتد إلى التنقلات الشخصية التي لا صلة لها بالعمل، فيعد هذا الاستعمال الأخير فائدة يتحصل عليها العامل كبيرة يتمتع بها، فيضفي عليها وصف الأجر وجزءًا منه، وكذلك إذا التزم صاحب العمل بقيمة إيجار مسكن للعامل وعائلته عن عقد العمل من غير قصر ذلك إلى موطنه سنويًا فإن تلك القيمة تضاف أيضًا إلى أجر العامل.,ظروف العمل والأجر
10,ماذا يقصد بالمكافأة التشجيعية التي يمنحها صاحب العمل للعامل؟,المكافأة التشجيعية التي يمنحها صاحب العمل للعامل هي عبارة عن مبلغ من المال يدفع للعامل، مقابل ما قام به من زيادة جهد، ترتب عليها تقليل النفقات (للمنشأة)، أو زيادة في الأرباح، أو تفادي الخسائر أو انتظام في سير العمل (بالمنشأة)، وهي تعد عنصرًا من عناصر الأجر.,ظروف العمل والأجر
11,هل تعد عنصرًا من عناصر الأجر؟,نعم، تعد عنصرًا من عناصر الأجر.,ظروف العمل والأجر
12,ما المقصود بالأجر الإضافي؟,أما الأجر الإضافي فيكون مقابل تشغيل العامل ساعات زيادة عن الحد الأقصى المقرر قانونًا، أو مقابل تشغيله في أيام الراحة أو في الإجازة الرسمية.,ظروف العمل والأجر
13,هل يدخل مقابل رصيد الإجازات أو بدل مهلة الإعلان في ملحقات الأجر الذي يتقاضاه العامل؟,إن مقابل رصيد الإجازات وبدل مهلة الإعلان المستحقة للعامل يخرج عن مدلول الأجر، لأن العامل يعطي حقه في موعد استحقاقه السنوي من منحه إجازة سنوية مقابل رصيد الإجازات، وبدل مهلة الإعلان ما دام احتسابه ضمن الأجر سواء عن فترة الإجازة أم عن مهلة الإعلان.,ظروف العمل والأجر
14,المقصود بالأجر؟ هل الأجر الذي يتقاضاه العامل يعول عليه عند حساب ما يستحقه من مكافأة نهاية الخدمة؟,الأجر الذي يعول عليه عند احتساب مكافأة نهاية الخدمة للعامل هو الأجر الذي يتقاضاه من صاحب العمل، ويدخل في كل ما يعطى للعامل مقابل العمل الذي يؤديه، سواء كانت صورته أو تسميته من الأجر الأساسي أو الاعتيادي أو الاعتماد من جانب العامل في تنظيم أمور معيشته.,ظروف العمل والأجر
15,س 16/ ما الحد الأقصى لساعات العمل؟,ج/ الحد الأقصى ثماني ساعات يومياً، وما زاد عن ذلك لا يجوز تشغيل العامل أكثر من ثماني ساعات يومياً أو ثمان وأربعون ساعة في الأسبوع (48 ساعة في الأسبوع).,ساعات العمل والراحة الأسبوعية
16,"​س 17/ متى يحصل العامل على فترة راحة أثناء العمل؟
 س 18/ كيف تحسب مدة هذه الراحة من ساعات العمل؟
 س 19/ هل فترة الراحة تطبق على جميع القطاعات؟",ج/ قانون العمل الكويتي الجديد رقم (6 لسنة 2010) منح العامل ساعة واحدة للراحة بعد تشغيل لمدة (5) ساعات متصلة، ولا تُحتسب فترة الراحة من ساعات العمل. وفترة الراحة لا تنطبق على جميع القطاعات بل يُستثنى من ذلك القطاع المصرفي والمالي والاستثماري فتكون ساعات العمل ثماني ساعات متصلة.,ساعات العمل والراحة الأسبوعية
17,س 20/ ما الأشياء التي لا تدخل ضمن ساعات فترة الراحة للعامل؟,ج/ العبرة بتحديد ساعات العمل اليومية أو الأسبوعية هي ساعات العمل الفعلية التي يؤديها العامل لصاحب العمل، فلا تدخل ضمن هذه الساعات فترات الراحة التي يتناول فيها العامل طعامه أو الراحة أو ارتداء ملابس العمل أو الانتقال إلى مكان العمل.,ساعات العمل والراحة الأسبوعية
18,​س 21/ ما الشروط التي أوجبها القانون على صاحب العمل عند تكليف (تشغيل) العاملين لديه بعمل إضافي؟,"ج/ أوجب القانون على صاحب العمل أن يمسك سجلاً خاصاً بالعمل الإضافي يبين فيه:
 ​تواريخ أيام تكليف العامل بالعمل الإضافي (الساعات الإضافية).
 ​بيان بعدد الساعات الإضافية التي كلف بها العامل.
 ​بيان الأجور المقابلة للعمل الإضافي التي كلف بها العامل",ساعات العمل والراحة الأسبوعية
19,س 22/ هل يحق لصاحب العمل إجبار العامل بتشغيله ساعات عمل إضافية؟,ج/ يحق لصاحب العمل تشغيل العامل ساعات إضافية دون موافقته بشرط صدور أمر كتابي بذلك إذا استدعت ظروف العمل ذلك لمنع حدوث خطر أو إصلاح ما نشأ عنه هذا الحادث أو لتلافي خسارة محققة (حدوث حريق، نقل سلعة قابلة للتلف، وغيرها) أو عند القيام بأعمال الجرد السنوي وإعداد الميزانية والحسابات الختامية ووقت التنزيلات (التخفيضات) لمواجهة حركة تجارية أو صناعية في موسم خاص كالأعياد أو شهر رمضان المبارك.,ساعات العمل والراحة الأسبوعية
20,"​س 23/ كيف يحسب الأجر اليومي للعامل؟
 س 24/ هل الراحة الأسبوعية مدفوعة الأجر؟
 س 25/ هل تُحسب من أيام العمل الفعلية؟","ج/ قانون العمل الكويتي الجديد أعطى العامل الحق في راحة أسبوعية مدفوعة الأجر وتحدد بأربع وعشرين ساعة (24 ساعة) متصلة بعد كل ستة أيام.
 ​ويجري حساب حق العامل بما فيها أجره اليومي وإجازته بقسمة راتبه على عدد أيام العمل الفعلية دون أن تُحسب من ضمنها أيام راحته الأسبوعية رغم كون الراحة مدفوعة الأجر، أي أن حساب الأجر اليومي يُحسب على أساس حقوق العامل بقسمة راتبه الشهري على عدد أيام العمل الفعلية بعد استبعاد أيام الراحة الأسبوعية ولو كانت مدفوعة الأجر.مثال ذلك: الراتب ÷ 26 يوماً (وليس على 30 يوماً). وهي ميزة قررها قانون العمل الكويتي الجديد للعامل.",ساعات العمل والراحة الأسبوعية
21,"س 26/ كيف يتم حساب مقابل ساعات العمل الإضافية؟
 س 27/ هل هناك شروط يجب التقيد بها؟","ج/ يُشترط لاستحقاق العامل مقابل ساعات العمل الإضافي أن يكون قد قام بالعمل بنفسه بناءً على تكليف كتابي من صاحب العمل، ولا يستحق العامل مقابل ساعات العمل الإضافي إذا قام به من تلقاء نفسه. ولا يجوز أن تزيد ساعات العمل الإضافي عن ساعتين يومياً وثمانين ساعة سنوياً، ولا تزيد فترات العمل الإضافي عن ثلاثة أيام أسبوعياً أو تسعين يوماً في السنة. ويستحق العامل 25% من أجر ساعة العمل العادية، أما إذا قام العامل بالعمل الإضافي ليلاً استحق 50%.
 ​الإضافي على النحو التالي:
 ​الأجر اليومي = الأجر الشهري ÷ 26.
 ​أجر الساعة الإضافية = الأجر اليومي ÷ 8 ساعات × 25%.",ساعات العمل والراحة الأسبوعية
22,​س 28/ كيفية احتساب العمل الإضافي؟,"ج/ يكون حساب العمل الإضافي للعامل على النحو التالي:
 ​فيكون الأجر اليومي (260 د.ك) ÷ 26 يوم عمل = (10 دينار).
 ​(10 د.ك) ÷ 8 ساعات عمل = (1.250 دينار وربع) لساعة العمل.
 ​عند تشغيل العامل ساعات إضافية في أيام العمل العادية (25%):
 (1.250 د.ك) × 25 ÷ 100 = (1.562 د.ك) للساعة الواحدة.
 ​أما عند تشغيله يوم راحته الأسبوعية (50%) زيادة على أجره العادي:
 (1.250 د.ك) × 50 ÷ 100 = (1.875 د.ك) للساعة الواحدة. ويعوض في يوم راحة بديل.
 ​أما عند تشغيل العامل في الأعياد والعطل الرسمية (100%):
 1.250 د.ك + (1.250 د.ك) = (2.500 د.ك) للساعة الواحدة. ويعوض في يوم إجازة بديل.",ساعات العمل والراحة الأسبوعية
23,"س 29/ هل يُشترط أن يكون يوم الراحة الأسبوعية هو يوم الجمعة؟
 س 30/ كم يستحق العامل من أجر إذا عمل يوم راحته الأسبوعية؟","ج/ إن يوم الراحة الأسبوعية لا يُشترط أن يكون يوم جمعة فقد يكون السبت أو أي يوم آخر خلال أيام الأسبوع والمرجع في ذلك عقد العمل أو العرف الجاري، ويستحق العامل الأجر العادي لليوم مضافاً إليه 50% على الأقل.
 ​الأجر الشهري ÷ 26 = الأجر اليومي.
 ​ثم أيام الراحة × الأجر اليومي × 50% = مقابل العمل أيام الراحة الأسبوعية.",ساعات العمل والراحة الأسبوعية
24,"س 31/ ما شروط تشغيل العامل في أيام العطلات الرسمية والأعياد؟
 س 32/ كيف يتم احتسابها؟","ج/ إن تشغيل العامل في أيام العطلات الرسمية والأعياد لا يكون إلا في الظروف الاستثنائية ومنها المستشفيات ودور العلاج والفنادق. وأن الأجر الأساسي الذي يتقاضاه العامل يحتسب على أساسه المقابل المستحق له، فإذا عمل يوم الإجازة الرسمية وكانت يوم الراحة الأسبوعية المقررة له (جمعة أو سبت وغيره) فإنه يستحق 200% من الأجر اليومي باعتباره أن يوم العمل قد صادف يوم الراحة والإجازة الرسمية معاً.
 ​أما إذا كان يوم الإجازة الرسمية الذي عمل فيه العامل يوماً عادياً (ليس يوم الراحة الأسبوعية) فيستحق مقابل 100% من أجره فقط ويتم احتساب مقابل العمل أيام الإجازة الرسمية على النحو الآتي:
 ​الأجر الشهري ÷ 26 = الأجر اليومي.
 ​ثم أيام العمل × 100% = من الأجر اليومي.",ساعات العمل والراحة الأسبوعية
25,س 33/ على من يقع إثبات تقاضي العامل لأجره أو ساعات العمل الإضافية وإجازته السنوية وتقاضيه مقابلها؟,"ج/ صاحب العمل يقع على عاتقه إثبات تقاضي العامل لأجره أو ساعات العمل الإضافية أو تقاضيه مقابل الإجازات السنوية وغيرها. ويجوز للعامل إثبات عدم تقاضيه لأجره أو مقابل إجازته السنوية أو ساعات عمله الإضافية بكافة طرق الإثبات، ومنها القرائن وشهادة الشهود.
 ​ويجب على صاحب العمل عند تكليف العامل بالعمل ساعات إضافية أن يكون ذلك بأمر كتابي منه، ولا يتجاوز ساعتين يومياً وأن يدفع للعامل أجراً يوازي أجر الساعة الإضافية مضافاً إليها (25%).",ساعات العمل والراحة الأسبوعية
26,س 34/ هل يجوز تشغيل الأحداث؟ س 35/ ما السن المسموح به؟,"ج/ يجوز تشغيل الأحداث من تجاوز سنة عن خمس عشرة سنة ميلادية ،
 وقرر المشرع في قانون العمل الكويتي الجديد رقم 6 لسنة 2010 قاعدة عامة
 من النظام العام، وكذلك حقوق قانون الطفل رقم 2015/21 حظر بموجبها
 تشغيل من يقل سنهم عن خمس عشرة سنة ميلادية، ورتب البطلان في حالة
 مخالفة هذا السن، كما حظر تشغيل (الطفل) في أي من أنواع الأعمال التي
 يمكن بحكم طبيعتها أو ظروف القيام بها أن تعرض صحة أو سلامة أو أخلاق
 الطفل (الحدث) للخطر.",في تشغيل الأحداث
27,س 34/ هل يجوز تشغيل الأحداث؟ س 35/ ما السن المسموح به؟,"ج/ يجوز تشغيل الأحداث من تجاوز سنة عن خمس عشرة سنة ميلادية ،
 وقرر المشرع في قانون العمل الكويتي الجديد رقم 6 لسنة 2010 قاعدة عامة
 من النظام العام، وكذلك حقوق قانون الطفل رقم 2015/21 حظر بموجبها
 تشغيل من يقل سنهم عن خمس عشرة سنة ميلادية، ورتب البطلان في حالة
 مخالفة هذا السن، كما حظر تشغيل (الطفل) في أي من أنواع الأعمال التي
 يمكن بحكم طبيعتها أو ظروف القيام بها أن تعرض صحة أو سلامة أو أخلاق
 الطفل (الحدث) للخطر.",في تشغيل الأحداث
28,"س 36/ ما الأعمال التي يجوز فيها تشغيل الأحداث أو (الطفل)
 كما جاء في قانون الطفل؟","ج/ يجوز تشغيل الأحداث ممن بلغوا الخامسة عشرة ولم يبلغوا الثامنة
 عشرة وفقاً للشروط التالية :
 1- أن لا يعملوا في الصناعات والمهن الخطرة أو المضرة بالصحة .
 2- توقيع الكشف الطبي عليهم قبل إلحاقهم بالعمل .
 3- لا يجوز تشغيل الأحداث ليلا أي من الغروب إلى مطلع الشمس.",في تشغيل الأحداث
29,"س 37/ ما عدد الساعات المسموح بها لتشغيل الأحداث أو
 (الطفل)؟","ج/ الحد الأقصى لساعات العمل للأحداث في قانون العمل وقانون
 حقوق الطفل (م49) لا يجوز تشغيل الطفل أكثر من ست ساعات في اليوم،
 ويجب أن تتخلل ساعات العمل فترة أو أكثر لتناول الطعام والراحة - لاتقل
 في مجموعها عن ساعة واحدة - وتتحدد هذه الفترة أو الفترات بحيث لا
 يشتغل الطفل أكثر من أربع ساعات متصلة . ويحظر تشغيل الأطفال ساعات عمل اضافية أو تشغيلهم في أيام الراحة الأسبوعية أو العطلات الرسمية. وفي جميع الأحوال لا يجوز تشغيل الأطفال فيما بين الساعة السادسة مساءً أو السابعة صباحًا",في تشغيل الأحداث
30,"س 38/ ما الشروط الواجبة على صاحب العمل في تشغيل الحدث
 أو الطفل؟","ج/ على صاحب العمل الذي يقوم بتشغيل طفل أو أكثر مراعاة الآتي:
 - أن يعلق في مكان ظاهر من محل العمل نسخة تحتوي على الأحكام
 التي يتضمنها هذا الفصل.
 - أن يحرر أولاً بأول كشفاً بالبيانات الأساسية المتعلقة بكل طفل من
 المشتغلين لديه، يشتمل على اسمه وتاريخ ميلاده وطبيعة نشاطه وعددساعات
 عمله وفترات راحته، ومضمون الشهادة المثبتة لأهليه العمل، ويقدم الكشف
 للمختصين عند طلبه .
 
 
 - أن يبلغ وزارة الشئون الاجتماعية والعمل بأسماء الأطفال الجاري
 تشغيلهم ، وأسماء الأشخاص المنوط بهم مراقبة أعمالهم .
 
 - أن يقوم بتوفير سكن منفصل للأطفال عن البالغين، إذا اقتضت ظروف
 العمل مبيتهم .
 - أن يحتفظ بمقر العمل بالوثائق الرسمية التي تثبت سن جميع العاملين
 لديه من الأطفال ومقدرتهم الصحية، ويقدمها عند الطلب، وبعد صاحب
 العمل مسئولاً عن التأكد من سن الأطفال العاملين لديه .
 - أن يوفر جميع احتياطات الصحة والسلامة المهنية وأن يدرب الأطفال
 العاملين على استخدامها .
 على صاحب العمل أن يسلم الطفل نفسه أو أحد والديه أو المسئول عن
 أجره أو مكافأته، وغير ذلك مما يستحقه ويكون هذا التسليم مبرئاً لذمته.",في تشغيل الأحداث
31,س 39/ ما المقصود بعقد التمرين أو التدريب المهني؟,"ج/ هو عقد متميز عن عقد العمل، ويكون لكل شخص أنم الخامسة
 عشرة من عمره أن يتعاقد مع (منشاة) أو صاحب عمل بقصد تعلم مهنة خلال
 مدة محددة وفقاً للشروط والقواعد التي يتفق عليها ، ويجب أن يكون عقد
 التدريب المهني مكتوباً أو محدداً لمدة معينة أو غير محدد.",في تشغيل الأحداث
32,"س 40/ ما أهم المسائل التي يجب أن يشملها عقد التدريب
 المهني؟","ج/ يجب أن يتضمن عقد التدريب المهني المسائل الآتية.
 1- طبيعة المهنة التي يرغب التلميذ تعلمها .
 
 2- طبيعة تعلم المهنة ومراحلها المتتابعة.
 3- المكافأة المالية في كل مرحلة من مراحل تعلم المهنة على ألا تقل في
 المرحلة الأخيرة عن الحد الأدنى المقرر لأجر العامل في مهنة مماثلة.
 4- حظر ارتباط تحديد المكافأة على أساس الإنتاج أو القطعة .
 5- أن يكون عقد التدريب المهني مكتوباً، ويودع نسخة منه لدى الهيئة
 
 العامة للقوى العاملة .",في تشغيل الأحداث
33,س 41/ هل يجوز إنهاء عقد التدريب المهني؟,"ج/ يجوز لكل من طرفيه إنهاء عقد التدريب وإخطار الطرف الآخر برغبته
 في ذلك قبل سبعة أيام على الأقل .",في تشغيل الأحداث
34,"س 42/ ما الشروط الواجب توافرها بالشخص (التلميذ) الذي
 يرغب أن يتدرب، ويتعلم مهنة او حرفة لدى صاحب العمل؟","ج/ الشروط الواجب توافرها في الشخص الذي يرغب بتعلم مهنة او
 حرفة هي :
 
 1- أن يكون قد أتم الخامسة عشرة من عمره .
 2- أن يكون عقد التدريب المهني لمدة معينة .
 3- أن يكون عقد التدریب المهني مکتوباً ومحرراً من ثلاث نسخ أصلية
 ييد كل من طرفيه نسخة للعمل بها ، والنسخة الثالثة تودع لدى الهيئة العامة
 للقوى العاملة ، وتقوم بالتصديق عليها .
 4- يجب تحديد طبيعة المهنة التي يرغب (التلميذ) تعلمها .
 
 
 
 5- المكافأة المالية تكون متدرجة في كل مرحلة من مراحل تعليم
 المهنة (التدريب)، وأن لا تقل المكافأة عن الحد الأدنى المقرر لأجر العامل في
 مهنة ممائلة
 6- أن تكون المكافأة على أساس الإنتاج أو القطعة .
 7- إذ كان سن المتدرب المهني يقل عن الخامسة عشرة من عمره يبطل
 العقد بطلاناً مطلقاً حتى لو أبرمه من له الولاية أو الوصاية عليه.",في تشغيل الأحداث
35,​س 43/ هل يجوز تشغيل النساء ليلاً؟,"ج/ لا يجوز تشغيل النساء ليلاً في الفترة ما بين العاشرة مساءً والساعة السابعة صباحاً، وذلك حرصاً من المشرع الكويتي والتزاماً بالمواثيق الدولية بشأن تشغيل النساء وحفاظاً على ما يعود عليهن من ضرر صحي أو أخلاقي ومراعاة لطبيعتهن الجسمانية ومراعاة من الدولة لما تتحمله المرأة والتوفيق بين عملها في المجتمع وواجباتها نحو الأسرة ولما قد تتأثر به الأمومة والطفولة من مضار بسبب عمل المرأة.
 ​قانون العمل الكويتي رقم 6 لسنة 2010 استثنى حالات يجوز للمرأة أن تعمل بها ليلاً مثل:
 ​المستشفيات.
 ​المصحات.
 ​دور الصحافة.
 ​دور العلاج.
 ​المختبرات الطبية.
 ​الحدائق الترفيهية.
 ​قطاع الرعاية الصحية.
 ​حضانة الأطفال والمعاقين.
 ​شركات ومؤسسات الطيران.
 ​دور المسارح والسينما والتلفزيون والمحطات الفضائية والإذاعية.
 ​بشرط:
 ​توفير متطلبات الأمن للعاملات.
 ​توفير وسائل انتقالهن من محل السكن إلى مقر العمل ذهاباً وإياباً.
 ​ساعات العمل خلال شهر رمضان.",في تشغيل النساء
36,​س 44/ هل هناك أنشطة يسمح للنساء العمل بها حتى الساعة (12) ليلاً ما هي؟,"ج/ هناك أنشطة سُمح للنساء العمل بها حتى الساعة (12) وفقاً لقرار وزير الشؤون الاجتماعية والعمل، وهذه الأنشطة هي:
 ​البنوك.
 ​المطاعم.
 ​جمعيات النفع العام.
 ​المؤسسات التعليمية.
 ​صالون التجميل.
 ​المكاتب السياحية ووكلاء مكاتب الطيران.
 ​المجمعات والمؤسسات والأسواق التجارية، ويمكن تمديد ساعات العمل حتى الساعة الثانية صباحاً بدلاً من الساعة الثانية عشر ليلاً في شهر رمضان المبارك والأعياد.",في تشغيل النساء
37,​س 45/ ما الأعمال التي يحظر تشغيل المرأة فيها؟,"ج/ الأعمال التي يحظر تشغيل المرأة فيها:
 ​الأعمال الخطرة أو الشاقة أو الضارة صحياً.
 ​الأعمال الضارة بالأخلاق، والتي تقوم على استغلال أنوثتها بما لا يتفق مع الآداب العامة.
 ​الأعمال التي تقدم خدماتها للرجال فقط",في تشغيل النساء
38,​س 46/ ما شروط تشغيل المرأة عملاً إضافياً؟,ج/ يجوز تشغيل المرأة عملاً إضافياً في المستشفيات ودور العلاج مع توفير وسائل انتقال آمنة لها ذهاباً وإياباً، ولا يجوز تشغيل المرأة عملاً إضافياً ما بين الساعة العاشرة مساءً والسابعة صباحاً إلا فيما ذكر سابقاً,في تشغيل النساء
39,"​س 54/ ماذا يقصد بفترة التجربة التي يخضع لها العامل في عقد العمل؟
 س 55/ ما مدتها؟","ج/ فترة التجربة: وتسمى الاختبار: مدة يتحقق خلالها صاحب العمل من خبرة وصلاحية وكفاءة العامل، وكذلك مدة يتحقق فيها العامل من ظروف العمل ومناسبة الأجر للجهد الذي يبذله في هذا العمل، والتأكد من حُسن معاملة، وتوفير وسائل السلامة والوقاية وأدوات العمل وغير ذلك.
 لذلك يجوز تعيين العامل فترة تحت التجربة بشرط ألا تزيد عن مائة يوم عمل (مدة التجربة)، ويكون مقرراً لمصلحة صاحب العمل والعامل معاً بإنهاء عقد العمل دون إخطار (إنذار) سابق ودون مكافأة أو تعويض ولا يجوز استخدام العامل تحت التجربة لدى صاحب العمل أكثر من مرة.
 ولا تحتسب أيام الراحة الأسبوعية والعطل الرسمية من ضمن مدة التجربة (مائة يوم)، ويجب أن تكون فترة التجربة منصوصاً عليها بعقد العمل.",عقد العمل
40,"س 56/ ماذا عن تخالص العامل عن جميع حقوقه في ذمة صاحب العمل قبل انتهاء علاقة العمل؟
 س 57/ متى يكون هذا التخالص صحيحاً ومنتجاً لأثره؟",ج/ يجب أن يتم تخالص العامل عن جميع حقوقه بعد انتهاء علاقة العمل وليس قبل ذلك وثبوت حق له بالفعل، فإن العامل يحق له النزول عن حقه أو التصالح عليه بوصفه حقاً مالياً خالصاً له، وأن تكون عبارات المخالصة بصيغة جامعة مانعة، تفيد تخالصه عن كافة حقوقه بذمة صاحب العمل، ومانعة من رجوعه عليه بأي حق منها، فإن هذه المخالصة تكون حجة على العامل بما ورد فيها فلا يقبل منه التحلل أو الرجوع عنها ما دامت إرادته كانت حرة عند تحريرها.,عقد العمل
41,"س 58/ متى يجوز إنهاء عقد العمل غير محدد المدة؟
 س 59/ هل يجوز إنهاء دون إنذار (إخطار)؟","ج/ عقد العمل غير محدد المدة يجوز لكل طرفيه إنهاؤه بعد إخطار (إنذار) الطرف الآخر وفقاً للشروط التالية:
 ​قبل إنهاء العقد بثلاثة أشهر على الأقل (بالنسبة للعمال المعينين بأجر شهري).
 ​وشهر على الأقل بالنسبة للعمال الآخرين.
 ​ويجب على الطرف الآخر الذي أنهى عقد العمل دون مدة الإنذار (الإخطار) فإنه يلتزم بأن يدفع للطرف الآخر بدل مهلة الإخطار (الإنذار) مساوياً لأجر العامل عن نفس المدة.
 ​إذا قام صاحب العمل بإخطار العامل بالإنهاء، يحق للعامل أن يتغيب يوماً كاملاً في الأسبوع أو ثماني ساعات أثناء الأسبوع، وذلك للبحث عن عمل آخر مع استحقاقه لأجره عن يوم أو ساعات الغياب، وللعامل الحق في تحديد يوم الغياب وساعاته، بشرط أن يخطر صاحب العمل بذلك اليوم السابق للغياب على الأقل.
 ​لصاحب العمل أن يعفي العامل من العمل أثناء مهلة الإخطار مع احتساب مدة خدمة العامل مستمرة إلى حين انتهاء تلك المهلة واستحقاق العامل أجره عن مهلة الإخطار (م 44 عمل كويتي).",عقد العمل
42,س 60/ ما مقدار مكافأة نهاية الخدمة التي يحصل عليها العاملين بأجور يومية أو أسبوعية أو بالقطعة؟,"ج/ للعاملين بأجور يومية أو أسبوعية أو بالقطعة:
 ​أن يحصل على أجر 10 أيام عن كل سنة خدمة من السنوات الـ 5 الأولى.
 ​وأيضاً يحصل على 15 يوماً عن كل سنة من السنوات التالية.
 ​لا تزيد المكافأة في مجموعها عن أجر سنة.
 ​أما العاملين بأجور شهرية:
 ​فيحصل على أجر 15 يوماً عن كل سنة خدمة من السنوات الـ 5 الأولى.
 ​وكذلك يحصل على أجر شهر عن كل سنة بعد 5 سنوات خدمة في العمل.
 ​بحيث لا تزيد المكافأة في مجموعها عن أجر سنة ونصف",عقد العمل
43,س 61/ إذا كان العقد غير محدد المدة وأنهى العامل خدمته من جانبه بالاستقالة أو غيرها لأسباب تخص العامل هل يستحق عنها مكافأة نهاية خدمة؟,"​لا يحصل على أي مكافأة إذا كانت مدة الخدمة أقل من 3 سنوات.
 ​يحصل على نصف المكافأة المقررة إذا كانت مدة الخدمة قد استكملت 3 سنوات ولم تصل إلى 5 سنوات.
 ​يحصل على ثلثي المكافأة إذا كانت مدة الخدمة قد استكملت 5 سنوات ولم تصل إلى 10 سنوات.
 ​يحصل على مكافأة كاملة إذا كان العامل قد استكمل خدمة عمل 10 سنوات وما فوق.",عقد العمل
44,"س 62/ هل هناك حالات لفصل العامل دون الحصول على مكافأة نهاية خدمة أو تعويض؟
 س 63/ ما هذه الحالات؟","ج/ منح قانون العمل صاحب العمل أن يفصل العامل دون إخطار أو تعويض أو مكافأة إذا ارتكب العامل أحد الأفعال الآتية:
 ​إذا ارتكب العامل خطأ نتجت عنه خسارة جسيمة لصاحب العمل.
 ​إذا ثبت أن العامل قد حصل على العمل نتيجة غش أو تدليس.
 ​إذا أفشى العامل الأسرار الخاصة بالمنشأة مما تسبب أو كان من شأنه أن يتسبب بخسارة محققة له.",عقد العمل
45,س 64/ ما الحالات التي لا يترتب على قرار الفصل حرمان العامل من مكافأة نهاية الخدمة؟,"ج/ الحالات التي لا يترتب على قرار الفصل حرمان العامل من مكافأة نهاية الخدمة هي:
 ​إذا حُكم عليه نهائياً بجريمة ماسة بالشرف أو الأمانة أو الأخلاق.
 ​إذا ارتكب عملاً مخلاً بالآداب العامة في مكان العمل.
 ​إذا وقع منه اعتداء على أحد زملائه أو على صاحب العمل أو من ينوب عنه أثناء العمل أو بسببه.
 ​إذا أخل أو قصّر في أي من الالتزامات المفروضة عليه بنصوص العقد وأحكام هذا القانون.
 ​إذا ثبتت مخالفته المتكررة لتعليمات صاحب العمل",عقد العمل
46,س 65/ هل صاحب العمل ملزم بإبلاغ (الوزارة) (الهيئة العامة للقوى العاملة) بقرار فصل العامل وأسبابه؟,ج/ يجب على صاحب العمل أن يبلغ الوزارة (الهيئة العامة للقوى العاملة) بقرار فصل العامل وأسبابه، وتقوم بدورها إبلاغ جهاز إعادة هيكلة القوى العاملة.,عقد العمل
47,س 66/ هل يحق للعامل المفصول من العمل الطعن في قرار الفصل؟,ج/ للعامل المفصول حق الطعن في قرار الفصل أمام الدائرة العمالية المختصة إذا ثبت بموجب حكم نهائي أن صاحب العمل قد تعسف في فصله استحق العامل مكافأة نهاية الخدمة مع التعويض عما لحقه من أضرار مادية وأدبية.,عقد العمل
48,"​س 67/ هل تُعد المنافسة غير المشروعة التي يرتكبها العامل سر من أسرار العمل؟
 س 68/ هل مبرر لصاحب العمل فصل العامل؟",,عقد العمل
49,س 69/ ما التزامات العامل تجاه صاحب العمل؟,ج/ التزامات العامل كثيرة منها أداء العمل بنفسه أو يعهد إلى غيره القيام به بدلاً عنه ويجب عليه إطاعة أوامر صاحب العمل وتعليماته ذات الصلة بالعمل المتفق عليه، وأن يحترم لائحة العمل وعدم مخالفتها كما يلتزم بإطاعة أوامر وكلاء صاحب العمل وممثليه وإطاعة صاحب العمل واجبة على العامل طالما كانت في حدود قانون العمل حيث إن صاحب العمل له سلطة واسعة في تنظيم منشأته واتخاذ ما يراه من الوسائل لإعادة تنظيمها وإدارتها – وفي حالة رفض العامل تعليماته وأوامره يوقع الجزاء التأديبي عليه.,التزامات العامل وصاحب العمل
50,س 70/ ما سلطات صاحب العمل على العامل؟,ج/ سلطات صاحب العمل على العامل متعددة منها سلطة صاحب العمل في فصل العامل إذا حكم عليه في جريمة ماسة بالشرف أو الأمانة أو الأخلاق وفصل العامل دون إعلان أو مكافأة إذا أخل أو قصر في أي من التزاماته المفروضة عليه في بنود العقد وأحكام القانون وأيضاً لصاحب العمل الحق في تنظيم منشأته وتنظيم العمل بها وتقييم الوظائف وتصنيفها وتقدير كفاية العامل، وله كذلك سلطة لما يراه كفيلاً بتحقيق مصلحة العمل. ولصاحب العمل حق في تشغيل العامل ساعات إضافية وفي أيام الراحة الأسبوعية، ولكن كل هذه السلطات وتقدير مبرراتها من سلطة محكمة الموضوع (أي قاضي الموضوع) فلا يحق لصاحب العمل استخدام سلطته أو ممارستها دون قصد في الإساءة لعماله، وأن تكون مصلحة العمل اقتضت ذلك، وكما قلنا فإن تقدير هذا الإخلال من سلطة (قاضي) محكمة الموضوع.,التزامات العامل وصاحب العمل
51,س 71/ هل يحق لصاحب العمل تكليف العامل بعمل لا يتفق مع طبيعة العمل المبينة في العقد؟,ج/ لا يجوز لصاحب العمل تكليف العامل بعمل لا يتفق مع طبيعة العمل المبينة في العقد أو لا يتناسب مع مؤهلات العامل وخبراته، التي تم التعاقد معه على أساسها.,التزامات العامل وصاحب العمل
52,س 72/ هل من حق صاحب العمل تكليف العامل بعمل آخر غير متفق عليه؟,ج/ يجوز لصاحب العمل تكليف العامل بأداء عمل آخر غير المتفق عليه إذا تطلبت مصلحة العمل إحداث تغييرات وتعديلات في ظروف العمل فلا يجوز للعامل التمسك بمكان معين إذ وظيفة معينة بشرط لا يختلف عن العمل الأصلي اختلافاً جوهرياً أو ينقله إلى مركز أقل ميزة أو ملاءمة من المركز الذي كان يشغله... طالما لم يقصد صاحب العمل الإساءة إلى العامل.,التزامات العامل وصاحب العمل
53,س 73/ هل يحق لصاحب العمل أن يوقع جزاءً تأديبياً على العامل دون علمه؟,ج/ لا يجوز لصاحب العمل أن يوقع جزاءً تأديبياً على العامل دون إبلاغه كتابة بما هو منسوب إليه من مخالفات، وسماع أقواله وتحقيق دفاعه، وإثبات ذلك في محضر يودع في ملفه الخاص، ويجب إبلاغ العامل كتابة بما وقع عليه من جزاءات ونوعها ومقدارها وأسباب توقيعها والعقوبة التي قد يتعرض لها في حالة العود (تكرار المخالفة).,التزامات العامل وصاحب العمل
54,س 74/ ما العقوبة التي يمكن لصاحب العمل توقيعها على العامل عن المخالفة الواحدة؟,ج/ لا يجوز لصاحب العمل بتوقيع عقوبة الخصم على العامل أكثر من أجر خمسة أيام بالشهر الواحد، فإذا تجاوزت العقوبة ذلك يخصم القدر الزائد من أجر الشهر القادم أو الشهر التالي.,التزامات العامل وصاحب العمل
55,"س 75/ ما مقدار الخصم (الاستقطاع) من الأجر الذي يوقع على العامل؟
  * س 76/ شروطه؟",ج/ لا يجوز خصم ما قيمته أكثر من 5 أيام من أجر العامل شهرياً... وشروطه: إذا تجاوزت قيمة العقوبة ما يعادل 5 أيام ترحل الخصم إلى الشهر المقبل أو الأشهر التالية. ولا يجوز لصاحب العمل استقطاع أكثر من 10% من الراتب الشهري في حالة ديون على العامل أو قروض مستحقة لصاحب العمل، ولا يجوز كذلك تحصيل أي فوائد على هذه القروض أو الديون الممنوحة للعامل. وفي كل الأحوال لا يجوز الحجز على أكثر من 25% من راتب العامل إلا لدين أو نفقة أو ديون أخرى على العامل مطالب بها، وتم الحجز على الراتب بسببها.,التزامات العامل وصاحب العمل
56,س 77/ هل يجوز تحديد أجر العامل بمقدار حصته من الأرباح؟,ج/ يجوز تحديد أجر العامل على أساس نسبة من إيرادات المنشأة أو حصة من الأرباح التي تحققها وحصة الأرباح لا تستحق إلا إذا حققت المنشأة ربحاً، وحق العامل مرتبط بما يتحقق من أرباح، ولكن قانون العمل ألزم صاحب العمل إذا لم تحقق المنشأة ربحاً أو حققت ربحاً ضئيلاً جداً بحيث لا تتناسب مع حصة العامل يجب تقدير أجره على أساس أجر المثل أو وفقاً لعرف المهنة أو لمقتضيات العدالة... ومشاركة العامل في نسبة من الربح لا تجعله شريكاً مع صاحب العمل حيث لا يتوافر لدى العامل نية المشاركة أو تحمل خسائر المشروع.,التزامات العامل وصاحب العمل
57,"س 78/ ماذا يقصد بالمنحة التي تعطى للعامل؟
  * س 79/ هل تدخل من ضمن ملحقات الأجر؟",ج/ يقصد بالمنحة: مبلغ من المال يعطى للعامل من قبل صاحب العمل في مناسبات معينة مثل (الأعياد والعطلات الرسمية) والأصل في المنحة أنها تعتبر تبرعاً من صاحب العمل والمنحة (البونص) يجب أن يكون صرفها لجميع عمال صاحب العمل أو لجميع أفراد طائفة منهم، وأن يتم صرف المنحة بصفة دورية لمدة كافية طبقاً لشروطها الموضوعية، وأن تكون قيمة المنحة ثابتة بمبلغ ثابت سنوياً، وهذه المنحة تدخل من ضمن الأجر ولا يجوز لصاحب العمل حرمان العامل منها أو الانتقاص من قيمتها ويجب احتساب المنحة مع الأجر الأصلي.,التزامات العامل وصاحب العمل
58,س 80/ هل الهبات التي يحصل عليها العمال تدخل في حساب الأجر الذي يتقاضونه؟,ج/ من المتفق عليه أن الهبات هي التي يدفعها عملاء المحل (الزبائن) (وليس صاحب العمل) مكافأة للعمال على حسن قيامهم بالخدمة (البقشيش) وجرى العرف في بعض المهن أصبح دفع الهبة (البقشيش) التزاماً قانونياً... والهبات تشمل كل مبلغ يعطى في مقابل الخدمة في أي مجال طالما جرت عادة العملاء على دفعه، وأن يكون دفع العميل نظير ذات العمل الذي قام به العامل بموجب عقد العمل لا نظير خدمة شخصية خاصة قدمها له، ويشترط بالهبة لدخولها في حساب الأجر أن تصرف للعامل بصفة دورية ومأخوذة في الحساب عند تحديد أجر العامل، وتضاف إلى الأجر الأساسي للعامل.,التزامات العامل وصاحب العمل
59,"س 81/ ما المقصود بإصابة العمل؟
  * س 82/ هل هناك شروط يجب توافرها في إصابة العمل؟",ج/ إصابة العمل: يعني الضرر الذي يصيب أو يلحق بجسم العامل من جراء تأثير خارجي، وشروط الإصابة هي: أن يلحق الضرر بجسم العامل (أي ضرراً مادياً) (مثل كسر ساق العامل أو الجروح أو ضرر غير محسوس كالجنون وفقد الذاكرة وأن تقع الحادثة (الإصابة) بشكل مفاجئ أي دفعة واحدة) وليس له علاقة التي تصيب أموال العامل أو تصيبه معنوياً.,التعويض عن إصابات العمل وأمراض المهنة
60,"س 83/ ماذا يقصد بالمرض المهني؟
  * س 84/ ما أسبابه؟
  * س 85/ ما واجبات صاحب العمل لوقاية العامل من ذلك؟","ج/ عرّف الفقه المرض المهني بأنه الضرر الذي يلحق الجسم نتيجة تأثير خارجي بطيء أو تدريجي مستمر على جسم الإنسان أو جزء منه.
  * أما أسبابه: فعدم توفير بيئة عمل صالحة وآمنة من مخاطر الصناعات المختلفة والملوثات في أماكن العمل... مثال ذلك (السل) الذي يغزو رئة العامل ببطء وبالتدريج نتيجة سوء التهوية ورطوبة المكان أو التسمم البطيء الذي يحدث نتيجة ملامسة المواد السامة، وهو نتيجة ممارسة مهنة معينة أو التعرض لظروف عمل غير صحيحة لفترة طويلة.
  * ويجب على صاحب العمل أن يبين للعامل قبل مزاولة العمل المخاطر التي قد يتعرض لها ووسائل الوقاية التي يجب عليه اتخاذها ووضع التعليمات والعلامات التحذيرية في أماكن ظاهرة بمكان العمل وأدوات السلامة الشخصية التي يلتزم صاحب العمل بتوفيرها.",التعويض عن إصابات العمل وأمراض المهنة
61,س 86/ متى يسقط حق العامل في التعويض عن إصابة العمل؟,"ج/ يسقط حق العامل في التعويض عن الإصابة إذا ثبت من التحقيق الآتي:
  * أن العامل قد أحدث الإصابة بنفسه.
  * إذا حدثت الإصابة بسبب سلوك فاحش ومقصود من العامل مثلاً (حدثت الإصابة بسبب تأثير الخمر أو المخدرات أو مخالفة التعليمات الخاصة بالوقاية من أخطار المهنة وأضرار المهنة المعلقة في مكان ظاهر وبارز من أماكن العمل.
  * أما إذا كانت الإصابة نشأت عنها أو تخلف عنها عجز مستديم تزيد نسبته على (25%) من العجز الكلي أو أدت إلى وفاة العامل ففي هذه الحالة يكون صاحب العمل مسئولاً عن تعويضه.",التعويض عن إصابات العمل وأمراض المهنة
62,س 87/ ما أنواع المرض المهني وأسبابه؟,"* المرض: التسمم بالرصاص ومركباته.
  المسبب له: أي عمل يقتضي استعمال أو القيام بعمل يعمل بالرصاص ومركباته التي تحتوي على رصاص.
  * المرض: التسمم بالزئبق ومركباته.
  المسبب له: أي عمل يقتضي استعمال أو القيام بعمل يعمل بالزئبق أو مركباته أو المواد التي تحتوي على زئبق، وكذلك أي عمل يقتضي التعرض إلى غبار أو غازات الزئبق أو مركباته أو المواد التي تحتوي على زئبق.
  * المرض: التسمم بالزرنيخ ومركباته.
  المسبب له: أي عمل يقتضي استعمال أو القيام بعمل يعمل بالزرنيخ أو مركباته، أو أي عمل يقتضي التعرض إلى غبار أو غازات الزرنيخ أو مركباته أو المواد التي تحتوي على الزرنيخ.
  * المرض: التسمم بالأنتيموني ومحتوياته.
  المسبب له: أي عمل يقتضي استعمال أو القيام بعمل يعمل بالأنتيموني أو مركباته أو المواد التي تحتوي على الأنتيموني، وكذلك أي عمل يقتضي التعرض إلى غبار أو غازات الأنتيموني أو مركباته.
  * المرض: التسمم بالفسفور ومركباته.
  المسبب له: أي عمل يقتضي استعمال أو القيام بعمل يعمل بالفسفور أو مركباته أو المواد التي تحتوي على الفسفور، وكذلك أي عمل يقتضي التعرض إلى غبار أو غازات الفسفور أو مركباته.
  * المرض: التسمم بالبترول ومنتجاته المترادفة.
  المسبب له: أي عمل يقتضي استعمال أو القيام بعمل يعمل بهذه المنتجات، وكذلك أي عمل يقتضي التعرض إلى غبار مركباته أو غازاتها أو مشتقاته.
  * المرض: التسمم بالمنجنيز ومركباته.
  المسبب له: أي عمل يقتضي استعمال أو القيام بعمل يعمل بالمنجنيز أو مركباته أو المواد التي تحتوي على المنجنيز، وكذلك أي عمل يقتضي التعرض إلى غبار أو غبار المنجنيز أو مركباته أو منتجات تحتوي على المنجنيز.
  * المرض: انتراكس (الجمرة الخبيثة).
  المسبب له: جميع الأعمال التي تقتضي الاحتكاك بالحيوانات المصابة بهذا المرض أو جلودها والمصابة بأمراض النفخة وبقرونها وشعرها.
  * المرض: مرض الاستسقاء الزقي.
  المسبب له: جميع الأعمال التي تقتضي الاحتكاك بالحيوانات المصابة بهذا المرض.
  * المرض: مرض الدرن الرئوي.
  المسبب له: الأعمال في المستشفيات لتقديم العلاج للمرضى بهذا المرض.
  * المرض: أمراض الحمى المعوية.
  المسبب له: الأعمال في المستشفيات المخصصة لمعالجة هذه الحمى.",التعويض عن إصابات العمل وأمراض المهنة
63,س 88/ ماذا يقصد بنظام السلامة المهنية؟,"ج/ السلامة المهنية: تعني مجموعة الإجراءات التي تؤدي إلى توفير الحماية المهنية للعاملين، والحد من خطر المعدات والآلات على العمال والمنشأة، ومحاولة منع وقوع الحوادث أو التقليل من حدوثها وتوفير الجو المهني السليم الذي يساعد العمال على العمل بالمنشأة. أما نظام السلامة المهنية: هي اخذ وسائل الوقاية والحيطة من المخاطر التي ينبغي على العامل ادراكها والحذر من الوقوع في مسبباتها, وعلى صاحب العمل توفير صناديق الاسعافات الطبية مزودة بالأدوية والاربطة والمطهرات وغيرها ويخصص صندوق للعمال في مكان ظاهر في متناول يد العمال",التعويض عن إصابات العمل وأمراض المهنة
64,س 89/ هل يجوز لصاحب العمل تحميل العامل أي نفقات مقابل توفير وسائل الحماية له؟,ج/ لا يجوز لصاحب العمل تحميل العامل أي نفقات أو اقتطاع مبالغ من أجره مقابل توفير وسائل الحماية له بل يجب على صاحب العمل توفير وسائل السلامة بالمجان للعمال ودون مقابل.,التعويض عن إصابات العمل وأمراض المهنة
65,س 90/ هل ألزم قانون العمل صاحب العمل التأمين على عماله ضد إصابات العمل وأمراض المهنة؟,ج/ أوجب قانون العمل على صاحب العمل التأمين على عماله لدى شركات التأمين ضد إصابات العمل وأمراض المهنة.,التعويض عن إصابات العمل وأمراض المهنة
66,"س 91/ هل للعامل المصاب الحق في العلاج؟
  * س 92/ بأي مستشفيات يكون ذلك ومصاريف العلاج من يلتزم بها؟",ج/ للعامل المصاب الحق في العلاج بإحدى المستشفيات الحكومية أو دور العلاج الأهلية حسبما يراه صاحب العمل وللطبيب المعالج أن يحدد في تقريره الطبي فترة العلاج والعاهة المتخلفة عن الإصابة وقدرته على الاستمرار في العمل، ويلتزم صاحب العمل بمصاريف العلاج كاملة بما في ذلك الأدوية والنقل.,التعويض عن إصابات العمل وأمراض المهنة
67,"س 93/ ما الإجازات المرضية التي يستحقها العامل في حالة تعرضه لإصابة عمل أو مرض مهني؟
  * س 94/ هل يتقاضى أجره طوال فترة العلاج؟",ج/ يحق للعامل المصاب بإصابة عمل (حادث) أو مرض مهني الحق في تقاضي أجره طوال فترة العلاج التي يحددها الطبيب، وإذا زادت فترة العلاج على ستة أشهر يدفع له نصف الأجر فقط حتى شفائه أو تثبت عاهته أو يتوفى.,التعويض عن إصابات العمل وأمراض المهنة
68,س 95/ هل يحق لصاحب العمل إنهاء عقد العمل عند استنفاذ العامل لجميع إجازاته المرضية؟,ج/ يحق لصاحب العمل إنهاء عقد العمل عند استنفاد العامل لجميع الإجازات المرضية وقدرها (45 يوماً)، وبعدها يعتبر العامل غير لائق صحياً لمزاولة مهمته، ويحق للعامل الحصول على مكافأة نهاية خدمته وفقاً لقانون العمل.,التعويض عن إصابات العمل وأمراض المهنة
69,س 96/ هل يجب على العامل إبلاغ صاحب العمل عند إصابته في حادث بسبب العمل؟,ج/ يجب على العامل الإبلاغ عن الحادث الذي تعرض له إذا سمحت حالته بذلك، ويجوز لمن يمثله القيام بذلك. كما يجب على صاحب العمل إذا أصيب أحد عماله بحادث الإبلاغ فوراً عن وقوعه أو فور علمه بالحادث وإبلاغ كل من: (مخفر الشرطة، إدارة العمل المختصة، المؤسسة العامة للتأمينات، شركة التأمين).,التعويض عن إصابات العمل وأمراض المهنة
70,س 97/ هل يحق للعامل تقاضي أجره كاملاً في حالة إصابة العمل أو المرض المهني؟,"ج/ للعامل الحق في الإجازة المرضية في حالة إصابته بالعمل أو المرض المهني على النحو الآتي:
  * أول (15) يوماً يكون بأجر كامل.
  * وبعد ذلك يخفض الأجر 3/4 قيمة أجره اليومي عن كل يوم إجازة مرضية ولمدة 10 أيام.
  * أي يوم بعد ذلك يخفض أجر العامل إلى 1/2 قيمة أجره اليومي عن كل يوم إجازة مرضية ولمدة 10 أيام.
  * أي يوم بعد ذلك يخفض أجر العامل إلى 1/4 قيمة أجره اليومي عن كل يوم إجازة مرضية ولمدة 10 أيام.
  * وبعد استنفاذ الـ 45 يوماً المشار إليها أعلاه لا يحق للعامل بعد ذلك أي أجر عن أي يوم إجازة مرضية لمدة ثلاثين يوماً.",التعويض عن إصابات العمل وأمراض المهنة
71,س 98/ ما هي الشروط المتعلقة بالعلاج من إصابة العمل أو المرض المهني؟,ج/ أن يكون علاج العمل متعلقاً بإصابة العمل أو مرض المهنة وألا يكون باستطاعة العامل مباشرة العمل خلال تلك الفترة، ويستحق العامل أجره بالكامل خلال فترة الستة أشهر الأولى فإذا تجاوزت فترة العلاج تلك الفترة يتقاضى العامل نصف أجره حتى يتم شفاؤه أو تثبت عاهته أو يتوفى كما أن نفقات العلاج على صاحب العمل، وتشمل الأدوية وأجور الأطباء وكافة المصاريف بما فيها الانتقال إلى المستشفى والإقامة بغض النظر عن مكان وجود المستشفى سواء المستشفى حكومياً أم خاصاً ولو كان بالخارج.,التعويض عن إصابات العمل وأمراض المهنة
72,س 99/ ما حقوق العامل في الإجازات المرضية؟,"ج/ إن الإجازات المرضية للعامل لا تترصد وإنما تسقط بعدم استعمالها خلال السنة العمالية التي تبدأ من بداية العقد حتى انقضاء سنة كاملة.
 وأن الأجر الذي يتقاضاه العامل يحسب على أساس الإجازات المرضية هو الأجر الأساسي الشامل الذي استنفذت فيه تلك الإجازة وهو على رأس عمله.",التعويض عن إصابات العمل وأمراض المهنة
73,س 100/ ما ضوابط استحقاق التعويض عن إصابة العمل والمرض المهني؟,"ج/ يجب أن يثبت العامل علاقة العمل بينه وبين صاحب العمل وأن الإصابة وقعت أثناء وبسبب العمل أو في الطريق إليه ذهاباً أو إياباً، لا يكون العامل سبب حدوث الإصابة بتعمده أو بسلوكه الفاحش، وأن ينشأ عنها عجز لا يزيد عن %25 من العجز الكلي.
 أما إذا أصيب العامل بمرض من أمراض المهنة المحددة بقرارات الجهات المختصة فإذا ظهرت على العامل أعراض المرض المهني خلال سنة من تاريخ تركه العمل تنطبق عليه القواعد الخاصة بإصابات العمل. علماً بأنه يجب إثبات وقع الإصابة أو المرض المهني أثناء وبسبب العمل يقع على العامل، ويجوز إثباته بكافة طرق الإثبات.
 ويحق لصاحب العمل إثبات عكس ذلك أو إثبات سوء السلوك الفاحش للعامل في حالة كانت نسبة العجز أقل من %25.",التعويض عن إصابات العمل وأمراض المهنة
74,س 101/ كيف يتم تقدير الضرر والتعويض الذي يصيب العامل جراء إنهاء عقده قبل نهاية مدته؟,ج/ تقدير الضرر والتعويض الذي يصيب العامل من جراء إنهاء عقده قبل نهاية مدته من سلطة المحكمة (الموضوع) بغير معقب عليها من محكمة التمييز ما دامت التزمت في تقديرها الاعتبارات والضوابط التي أشارت إليها نصوص قانون العمل.,التعويض عن إصابات العمل وأمراض المهنة
75,س 102/ على من يقع عبء إثبات إصابة العامل أثناء العمل وبسببه؟,ج/ مجرد حصول إصابة العامل وبسببه يجعل للعامل الحق في طلب التعويض عن تلك الإصابة من صاحب العمل وللعامل أن يثبت حصول إصابته أثناء العمل وبسببه بكافة طرق الإثبات بما فيها البينة والقرائن ويجوز لصاحب العمل أيضاً أن يثبت بكافة طرق الإثبات أن العامل قد أحدث الإصابة بنفسه أو أنها حدثت نتيجة سوء سلوك فاحش منه ومقصود.,التعويض عن إصابات العمل وأمراض المهنة
76,س 103/ متى تتقادم دعوى التعويض ضد العامل عن إخلاله بالتزامه بعدم المنافسة؟,ج/ يجوز للعامل أن يتمسك بالتقادم في مواجهة صاحب العمل الذي يطالب بالتعويض عن إخلاله بالتزامه بعدم المنافسة إذا انقضى ثلاث سنوات من تاريخ علمه بالعمل غير المشروع ومرتكبه.,التعويض عن إصابات العمل وأمراض المهنة
77,س 104/ هل يحق لصاحب العمل مطالبة العامل بعد ثلاث سنوات برد ما دفع له بدون وجه حق من رواتب وأجور؟,ج/ لا يجوز لصاحب العمل مطالبة العامل برد ما دفع له بدون وجه حق من رواتب وأجور استلمها لأكثر من ثلاث سنوات من تركه الخدمة، ويحق للعامل أن يدفع بالتقادم لمرور أكثر من ثلاث سنوات.,التعويض عن إصابات العمل وأمراض المهنة
78,"س 105/ ما الإجازات الرسمية المقررة للعامل؟
 س 106/ هل يتقاضى عنها أجراً كاملاً؟
 س 107/ عدد أيامها؟","ج/ الإجازات الرسمية المقررة للعامل بأجر كامل هي:
  * أ- يوم رأس السنة الهجرية (يوم واحد)
  * ب- يوم الإسراء والمعراج (يوم واحد)
  * ج- عيد الفطر المبارك (ثلاثة أيام)
  * د- وقفة عيد الأضحى المبارك (يوم واحد)
  * هـ- عيد الأضحى المبارك (ثلاثة أيام)
  * و- يوم المولد النبوي الشريف (يوم واحد)
  * ز- اليوم الوطني 25 فبراير (يوم واحد)
  * ح- يوم التحرير 26 فبراير (يوم واحد)
  * ط- يوم رأس السنة الميلادية (يوم واحد)
 وإذا استدعت ظروف العمل تشغيل العامل في أحد هذه الأيام قرر له أجر مضاعف مع تعويضه بيوم بديل.
 كما أن الإجازات الرسمية مستقلة عن غيرها من الإجازات التي تستحق للعامل بأجر كامل، ومن ثم فلا تحتسب الإجازات الرسمية من الإجازات الرسمية أو المرضية وألزم القانون صاحب العمل بأن يدفع للعامل (أجراً مضاعفاً) عن عمله بأيام العطل الرسمية دون تفرقة بين عامل يومية أو مشاهرة لأن الراحة الأسبوعية أصبحت مدفوعة الأجر بنص قانون العمل الجديد لكافة العمال الخاضعين لأحكامه",الإجازات السنوية والمرضية
79,"س 108/ متى يستحق العامل إجازة سنوية وما مدتها؟
 س 109/ هل مدفوعة الأجر؟","ج/ يستحق العامل إجازة سنوية مدفوعة الأجر مدتها ثلاثون يوماً ولا يستحق العامل إجازة عن السنة الأولى إلا بعد قضاء تسعة أشهر على الأقل في العمل كما يستحق إجازة من كسور السنة نسبة ما قضاه منها في العمل ولو كانت في السنة الأولى من الخدمة.
 ويجب على صاحب العمل دفع مقابل الإجازة السنوية للعامل قبل القيام بها.",الإجازات السنوية والمرضية
80,"س 110/ من له الحق في تحديد موعد إجازة العامل؟
 س 111/ هل أيام الجُمع والإجازات الرسمية تخصم من مدة الإجازة؟",ج/ لصاحب العمل الحق في تحديد موعد الإجازة الرسمية كما يجوز له تجزئتها برضاء العامل بعد الأربعة عشر يوماً الأولى، فإذا تخللت فترة الإجازة أيام جمع أو إجازات رسمية فإنها تخصم من مدة الإجازة,الإجازات السنوية والمرضية
81,س 112/ هل يحق لصاحب العمل إرغام العامل للتنازل عن حقه في الإجازة السنوية؟,ج/ لا يحق لصاحب العمل إرغام العامل عن التنازل عن إجازته السنوية في هذا الأمر يتعلق بالنظام العام فلا يجوز التنازل عنه صراحة وضمنياً فإذا أخل صاحب العمل بهذا الالتزام فقد حق عليه تعويض العامل بما لم يحصل عليه من إجازات سنوية على مدار عمله مالم يسقط حقه فيه بالتقادم، ويقع على صاحب العمل عبء إثبات حصول العامل على إجازته أو تقاضي ما يقابلها نقداً وفي حالة عدم استعماله لها (الإجازات السنوية) بمناسبة انتهاء عمله بوفاته.,الإجازات السنوية والمرضية
82,س 113/ كيف يحسب المقابل النقدي لإجازة العامل؟,ج/ يحسب المقابل النقدي لإجازة العامل على الأجر الأساسي الثابت في عقد العمل أو الذي يتقاضاه العامل دون احتساب أي ميزة عينية أو غيرهما مما يحصل عليه العامل,الإجازات السنوية والمرضية
83,"س 114/ هل يسقط حق العامل بعدم حصوله على الإجازة السنوية؟
 س 115/ هل تترصد الإجازات السنوية وكيف يتم ذلك؟",ج/ إن حق العامل في الإجازة لا يسقط بعدم الحصول عليها وإنما تترصد الإجازة السنوية بحيث لا تزيد على إجازة سنتين، وله بعد موافقة صاحب العمل القيام بها دفعة واحدة، ويجوز موافقة الطرفين تجميع الإجازة السنوية لأكثر من سنتين. وللعامل الحق في الحصول على مقابل نقدي لأيام إجازاته السنوية المجتمعة في حالة انتهاء عقده.,الإجازات السنوية والمرضية
84,"س 116/ هل يحق للعامل التنازل عن إجازته السنوية؟
 س 117/ هل يحق له العمل لدى الغير أثناء الإجازة السنوية؟",ج/ لا يجوز للعامل أن يتنازل عن إجازته السنوية بعوض أو بغير عوض أو حرمانه منها كلياً أو جزئياً أثناء سريان عقد العمل أو أن يعمل لدى صاحب عمل آخر أثناء إجازته وإلا وجب عليه رد ما أخذه من أجر.,الإجازات السنوية والمرضية
85,"س 118/ هل يستطيع صاحب العمل منع العامل من الحصول على إجازة سنوية؟
 س 119/ هل يحق للعامل تعويضه عن ذلك؟",ج/ الإجازة السنوية حق مقرر للعامل طالما يعمل لدى صاحب العمل وأهمية هذه الإجازة وغايتها هي تمكين العامل للحصول على قسط من الوقت يبتعد فيها عن العمل فيخلد إلى الراحة من العناء والتعب ليجدد نشاطه ويسترد عافيته البدنية والذهنية وتواصله الاجتماعي مع أهله وذويه للعامل حق في إجازة سنوية مدفوعة الأجر، مدتها ثلاثون يوماً إلا بعد قضائه تسعة أشهر على الأقل عن السنة الأولى من خدمته ومن ثَم لا يستطيع صاحب العمل منع العامل من الحصول على الإجازة ولا يجوز للعامل التنازل عنها صراحة أو ضمناً لأن تلك الإجازة متعلقة بالنظام العام وصاحب العمل يلتزم بمنح العامل إجازته السنوية حتى ولو لم يطلبها..فإذا أخل صاحب العمل أو رفض فقد حق عليه تعويض العامل عما لم يحصل عليه في إجازته على مدار خدمته كلها كما أن الإجازة السنوية للعامل مستقلة عن غيرها من الإجازات.,الإجازات السنوية والمرضية
86,"س 120/ متى يستحق العامل إجازة سنوية؟
 س 121/ متى تسقط الإجازة السنوية؟
 س 122/ هل تخصم أيام العطل الرسمية والجمع من الإجازة الرسمية؟
 س 123/ متى يتم صرف راتب الإجازة السنوية؟",ج/ إن حق العامل في الإجازة السنوية متعلق بالنظام العام ومن ثم لا يجوز الاتفاق على حرمان العامل من الإجازة السنوية سواء كلياً أو جزئياً كما لا يجوز للعامل التنازل عنها بعوض أو بغير عوض أثناء سريان عقد العمل وأن حق العامل في الإجازة لا يسقط بعدم الحصول على الإجازة، وإنما تترصد الإجازات السنوية، وتصبح حقاً مالياً للعامل دون النظر إلى أسباب عدم الحصول عليها، كما أن حصول العامل على إجازة بدون مرتب أو إجازة مرضية خلال السنة لا يؤثر على حقه في الإجازة السنوية المقررة له وأن فترة الإجازة المرضية خلال الإجازة السنوية تخصم من الإجازة ويتم إضافة ما خصم إلى رصيد الإجازة السنوية للعامل وكذلك تخصم أيام الجمع أو الإجازات الرسمية من مدة الإجازة - كما يجب على صاحب العمل صرف راتب العامل عن فترة الإجازة السنوية قبل قيامه بها.,الإجازات السنوية والمرضية
87,س 124/ هل تمنح المرأة العاملة غير المسلمة المتوفى عنها زوجها إجازة وما مدتها؟,ج/ تمنح المرأة العاملة غير المسلمة المتوفى عنها زوجها إجازة لمدة واحد وعشرين يوماً (21 يوماً) مدفوعة الراتب,الإجازات السنوية والمرضية
88,س 125/ هل يحق للعامل المسلم الحصول على إجازة حج وما مدتها؟,"ج/ لما كان دين دولة الكويت الإسلام فقد أعطى القانون العامل المسلم حقاً في إجازة لأداء فريضة الحج لأنها تعد الركن الخامس من أركان الإسلام على أن يتوافر الشروط الآتية:
  * أن يمضي العامل فترة سنتين متصلتين في العمل، وقبل ذلك لا يحق له.
  * تمنح هذه الإجازة (إجازة الحج) مرة واحدة.
  * أن لا يكون قد أدى فريضة الحج من قبل.
  * مدة إجازة الحج (21 يوماً) مرة واحدة خلال خدمته بالعمل.
  * أن تكون هذه الإجازة مدفوعة الأجر.",الإجازات السنوية والمرضية
89,س 126/ ما مدة الإجازة التي تستحقها المرأة العاملة بسبب الوضع؟,ج/ تستحق المرأة العاملة الحامل إجازة مدفوعة الأجر مدة (70 يوماً) سبعين يوماً للوضع بشرط أن يتم الوضع خلالها.,الإجازات السنوية والمرضية
90,"س 127/ هل يحق للمرأة طلب إجازة من دون أجر لرعاية الطفولة؟
 س 128/ ما هي مدة هذه الإجازة؟",ج/ يجب على صاحب العمل منح المرأة العاملة بناءً على طلبها إجازة من دون أجر لا تزيد مدتها على أربعة أشهر لرعاية الطفولة.,الإجازات السنوية والمرضية
91,س 141/ ما الأسباب أو المبررات التي قد تمنع صاحب العمل من إنهاء خدمة العامل؟,ج/ لا يجوز لصاحب العمل إنهاء خدمة العامل من دون مبرر أو بسبب نشاطه النقابي أو التمتع بحقوقه المشروعة وفقاً لأحكام القانون مثل منع العامل من الحصول على إجازة من الإجازات كما لا يجوز إنهاء خدمة العامل بسبب الجنس أو الأصل أو الدين.,مكافأة نهاية الخدمة
92,س 142/ ما حالات فصل العامل دون حرمانه من مكافأة نهاية الخدمة؟,"ج/ لصاحب العمل فصل العامل في إحدى الحالات الآتية:
  * إذا حكم عليه نهائياً بجريمة ماسة بالشرف أو الأمانة أو الأخلاق.
  * إذا ارتكب عملاً مخلاً بالآداب العامة في مكان العمل.
  * إذا وقع منه اعتداء على أحد زملائه أو على صاحب العمل أو من ينوب عنه أثناء العمل أو بسببه.
  * إذا أخل أو قصر في أي من الالتزامات المفروضة عليه بنصوص العقد وأحكام هذا القانون.
  * إذا ثبتت مخالفته المتكررة لتعليمات صاحب العمل.",مكافأة نهاية الخدمة
93,س 143/ كيف يتم احتساب مكافأة نهاية الخدمة للعامل؟,ج/ يتم احتساب مكافأة نهاية الخدمة للعامل على أساس سنوات الخدمة دون النظر إلى مصدرها سواء كان عقد عمل أم إصدار عقود متعددة ما دامت هذه المدة قد استمرت دون انقطاع ولو تعددت عقود العمل المبرمة مع صاحب العمل وتعاقبت إلى إن انتهت خدمة العامل فعلاً,مكافأة نهاية الخدمة
94,س 144/ متى يتم حرمان العامل من نصف مكافأة نهاية الخدمة؟,ج/ يتم حرمان العامل من نصف مكافأة نهاية الخدمة إذا تجاوزت مدة خدمته خمس سنوات وترك العمل بمحض اختياره دون أن يكون في سلوك صاحب العمل إزاءه ما يجبره على ترك العمل بل تم ذلك باختيار العامل فإنه يستحق فقط نصف مكافأة نهاية الخدمة.,مكافأة نهاية الخدمة
95,"س 145/ في حالة تم بيع المنشأة إلى صاحب عمل آخر كيف أحصل على مكافأة نهاية الخدمة؟
 س 146/ في حالة الرغبة بالعمل مع صاحب العمل الجديد كيف تحتسب مكافأة نهاية الخدمة لي؟","ج/ إن العامل يستحق مكافأة نهاية الخدمة عن مدة خدمته متصلة ومهما كانت مدتها ولو تغير صاحب العمل.
 أما بالنسبة لسؤالك في حالة انتقال ملكية المنشأة إلى صاحب العمل الجديد استمرار عمله معه فإنه هو الذي يلتزم بمكافأة نهاية الخدمة عن مدة الخدمة كاملة سواء تلك التي كانت قبل انتقال الملكية إليه أم التي تلتها، وتحتسب مكافأة نهاية خدمة العامل، وسبب انتهاء العقد، وما إذا كان يستحق (كامل المكافأة أو الثلثين أو النصف) وبشرط ألا تزيد المكافأة عن أجر سنة واحدة.",في حالة إغلاق المنشأة
96,س 147/ هل يجوز إنهاء عقد العمل من جانب صاحب العمل بسبب إفلاسه أو إغلاق المنشأة؟,ج/ يجوز إنهاء عقد العمل من جانب صاحب العمل إذا صدر حكم نهائي بإشهار إفلاسه وإذا تم إغلاق المنشأة إغلاقاً نهائياً يرجع لسبب أجنبي لا يد لصاحب العمل فيه أما إذا كان الإغلاق بسبب إرادة صاحب العمل للتهرب من سداد مديونية الآخرين أو خشية اتخاذ إجراءات التنفيذ ضد المنشأة من جانب أحد الدائنين فيكون إنهاء عقد العمل غير مشروع، ويلتزم بتعويض العامل عن الإنهاء المبتسر للعقد المحدد المدة قبل انتهاء مدته ومقابل مهلة الإخطار في العقد غير المحدد المدة.,في حالة إغلاق المنشأة
97,"س 148/ ما صلاحيات مفتش الهيئة العامة للقوى العاملة؟
  * س 149/ هل لهم الحق في دخول الشركات والمؤسسات والمنشآت وغيرها وفي أي وقت؟",ج/ أعطى قانون العمل لمفتشي الهيئة العامة للقوى العاملة الحق في الضبطية القضائية حيث منح وزير الشؤون هؤلاء الموظفين حق الدخول إلى جميع أماكن العمل أثناء الدوام الرسمي لمباشرة مهامهم، وتشمل الاطلاع على السجلات والدفاتر وطلب البيانات ومنها المتعلقة بالعمل الإضافي والملفات التي لها علاقة بكل عامل من العمال والتأكد من لوائح الصحة والسلامة وأوقات العمل اليومية وفترات الراحة والإجازات وكذلك لوائح الجزاءات وغيرها.,في تفتيش العمل والعقوبات
98,"س 148/ ما صلاحيات مفتش الهيئة العامة للقوى العاملة؟
  * س 149/ هل لهم الحق في دخول الشركات والمؤسسات والمنشآت وغيرها وفي أي وقت؟",ج/ أعطى قانون العمل لمفتشي الهيئة العامة للقوى العاملة الحق في الضبطية القضائية حيث منح وزير الشؤون هؤلاء الموظفين حق الدخول إلى جميع أماكن العمل أثناء الدوام الرسمي لمباشرة مهامهم، وتشمل الاطلاع على السجلات والدفاتر وطلب البيانات ومنها المتعلقة بالعمل الإضافي والملفات التي لها علاقة بكل عامل من العمال والتأكد من لوائح الصحة والسلامة وأوقات العمل اليومية وفترات الراحة والإجازات وكذلك لوائح الجزاءات وغيرها.,في تفتيش العمل والعقوبات
99,س 150/ هل للموظفين المختصين بالتفتيش صلاحية تحرير المخالفات وإغلاق المحل؟,ج/ للموظفين المختصين بالتفتيش تحرير محاضر بالمخالفات التي يشاهدوها عند التفتيش مثل الحد من الصناعات الملوثة للبيئة والمثيرة للأتربة والأدخنة والانبعاثات الخطرة بأماكن العمل والحد من التلوث الصوتي والضوضاء، ولهم الحق بغلق المحل كلياً أو جزئياً أو وقف استعمال أي آلة أو الآلات معينة - كل ذلك من أجل إيجاد بيئة سليمة للعمال بغية الحفاظ على صحتهم وسلامتهم أثناء أداء عملهم وممارسة نشاطهم.,في تفتيش العمل والعقوبات
100,س 151/ ما العقوبات التي تقع على صاحب العمل الذي لا يقوم بإخطار الهيئة العامة للقوى العاملة باحتياجاته من العمالة؟,ج/ مع عدم الإخلال بأي عقوبة أشد ينص عليها أي قانون آخر يعاقب صاحب العمل بغرامة لا تتجاوز خمسمائة دينار كويتي إذا لم يقم صاحب العمل بإخطار الهيئة العامة للقوى العاملة باحتياجاته من العمالة سنوياً وبعدد العمالة الذين يعملون لديه على النماذج المعدة لذلك وفي حالة العود (تكرار المخالفة) خلال ثلاث سنوات من تاريخ الحكم النهائي تكون العقوبة مضاعفة لتصبح (ألف دينار كويتي).,في تفتيش العمل والعقوبات
101,س 152/ ما عقوبة صاحب العمل الذي لا يقوم بتعليق لوائح الجزاءات التي تقع من العمال ويحدد الجزاء لكل منهم؟,ج/ يجب على صاحب العمل أن يعلق في مكان ظاهر بمقر العمل لائحة الجزاءات التي يجوز توقيعها على العمال المخالفين، وتشمل تحديد المخالفات التي تقع من العمال، ويحدد الجزاء لكل منها، وأن تتضمن جزاءات متدرجة للمخالفات، وألا يوقع أكثر من جزاء واحد للمخالفة الواحدة وغيرها من الشروط، وفي حالة عدم قيام صاحب العمل بتعليق لوائح الجزاءات يعاقب بغرامة لا تتجاوز خمسمائة دينار كويتي، وتضاعف خلال (ثلاث سنوات) من تاريخ الحكم فيها في حالة العود.,في تفتيش العمل والعقوبات
102,س 153/ ما العقوبة في حالة منع صاحب العمل أو من ينوب عنه الموظفين المختصين المكلفين بمراقبة تنفيذ أحكام القانون والقرارات الوزارية عن أداء واجبهم؟,ج/ يعاقب صاحب العمل بغرامة لا تتجاوز ألف دينار كويتي كل من يمتنع الموظفين المكلفين بمراقبة تنفيذ أحكام القانون والقرارات الوزارية من أداء واجبهم أو يمتنع عن تقديم المستندات والبيانات اللازمة والمطلوبة من أصحاب الأعمال أو من ينوب عنه.,في تفتيش العمل والعقوبات
103,س 167/ هل يسمح قانون العمل لأصحاب الأعمال تكوين اتحادات لهم؟س 168/ هل يحق كذلك للعمال بأن يكونوا نقابات لهم؟,ج/ قانون العمل الكويتي الجديد سمح لأصحاب الأعمال تكوين اتحادات لهم ونقابات للعمال الكويتيين وليس نقابة واحدة، فمن حق كل مهنة أو حرفة أن تنشأ نقابة فرعية تحت رعاية نقابة عامة والنقابة عبارة عن تكتل دائم له تنظيمه الخاص به، يهدف إلى الدفاع عن المصالح المهنية لأعضائه والعمل على تحسين حالتهم المادية والاجتماعية وتمثيلهم في جميع الأمور الخاص بهم أمام الجهات الحكومية الرسمية وغير الرسمية في الداخل والخارج، وأجاز قانون العمل الكويتي لكل من أصحاب الأعمال والعمال الكويتيين الحق في تكوين الاتحادات والنقابات لذات الهدف السابق.,تكوين النقابات والاتحادات العمالية
104,س 169/ من له حق الانتساب في النقابة أو الاتحادات؟,ج/ حق الانتساب في النقابة محصوراً على العمال وأصحاب العمل الذين يحملون الجنسية الكويتية فلا يجوز حرمان أي شخص كويتي الانضمام إلى النقابة أو إجباره على الانضمام إليها، ويكون الهدف الرئيسي من الانتساب والتأسيس هو تمثيل المصالح المهنية لأعضائها والدفاع عنها ووجوب احترام جميع القوانين السارية في الدولة، وأن يمارسوا أعمالهم ونشاطهم في حدود الأهداف الواردة في النظام الأساسي للنقابة أو الاتحاد.,تكوين النقابات والاتحادات العمالية
105,س 170/ ما الأعمال المحظورة على النقابات والاتحادات من ممارستها؟,ج/ يحظر على النقابات والاتحادات الاشتغال بالمسائل السياسية والدينية أو المذهبية أو توظيف أموالها في مضاربات مالية أو عقارية أو غيرها من أنواع المضاربات وعدم قبول الهبات والوصايا إلا بعد علم الوزارة.,تكوين النقابات والاتحادات العمالية
106,س 171/ متى يحق لوزارة الشؤون الاجتماعية والعمل حل النقابات والمنظمات وكيف يتم ذلك؟,ج/ يجوز حل مجلس إدارة النقابة أو المنظمة عن طريق إقامة دعوى من وزارة الشؤون الاجتماعية والعمل أمام المحكمة الكلية لتصدر حكماً يحل مجلس الإدارة إذا قام بعمل يُعدّ مخالفاً لأحكام القانون والقوانين المتعلقة بحفظ النظام العام والآداب، ويجوز استئناف حكم المحكمة خلال ثلاثين يوماً (30) من تاريخ صدوره، وتمارس النقابة نشاطها حتى يفصل بالدعوى نهائياً.,تكوين النقابات والاتحادات العمالية
107,"172/ ما المقصود بعقد العمل الجماعي؟
 173/ ما خصائصه؟","ج/ يقصد بعقد العمل الجماعي: بأنه ذلك العقد الذي ينظم شروط العمل وظروفه، وينعقد بين نقابة عمالية أو أكثر أو اتحاد أو اتحادات عمالية من جهة وبين صاحب عمل واحد أو عدد من أصحاب أعمال أو اتحاد أصحاب الأعمال أو أكثر من جهة أخرى... ويعد عقد العمل الجماعي من أهم وسائل تنظيم العمل في الدول الصناعية وقليل الأهمية في الدول النامية والمشرع الكويتي نظم هذا العقد في قانون العمل.
 وخصائص عقد العمل الجماعي:
  * يجب أن يكون عقد العمل الجماعي مكتوباً.
  * يجب أن يكون عقد العمل الجماعي موقعاً من العامل.
  * يجب أن يعرض عقد العمل الجماعي على الجمعية العمومية.
  * أن يكون عقد العمل الجماعي محدد المدة، على ألا تزيد مدته على ثلاث سنوات.
  * في حالة انتهاء مدة عقد العمل الجماعي وعدم رغبته في التجديد أن يخطر الطرف الآخر وزارة الشئون (الهيئة العامة للقوى العاملة) كتابة قبل ثلاثة أشهر على الأقل من تاريخ انتهاء العقد.
  * يجب تسجيل عقد العمل الجماعي لدى (وزارة الشئون حالياً) (الهيئة العامة للقوى العاملة) ونشر ملخصه في الجريدة الرسمية وللوزارة حق الاعتراض على الشروط التي تراها مخالفة للقانون وللطرفين تعديل العقد خلال خمسة عشر يوماً من تاريخ استلام الاعتراض وإلا اعتبر طلب التسجيل كأن لم يكن.",المنازعة الجماعية وعقد العمل الجماعي
108,"174/ ما المنازعات الجماعية؟
 175/ ما هي الشروط التي يجب أن تتوافر في المنازعات الجماعية؟","ج/ المنازعات الجماعية: هي منازعات تنشأ بين واحد أو أكثر من أصحاب العمل وجميع عماله أو فريق منهم بسبب العمل أو بسبب شروط العمل.
 أما الشروط فهي:
  * أن تكون المنازعة بين أشخاص (مجموعة من العمال) أياً كان شكل هذه المجموعة ولم يحدد المشرع عدد معين من العمال، وأن يكون النزاع متعلقاً بالعمل أو شروطه وتشمل الأجور، وساعات العمل الإضافية، والفصل من الخدمة، ومدة الإجازات وغيرها.",المنازعة الجماعية وعقد العمل الجماعي
109,176/ كيف يتم حل المنازعات الجماعية التي تنشأ بين صاحب العمل أو من يمثله وبين العمال أو من يمثلهم؟,ج/ حرص قانون العمل الكويتي على وجود مناخ مستقر في علاقات العمل سواء كانت على مستوى المنشأة أو الصناعة أو النشاط المتماثل من خلال فض النزاع وإزالة أسبابه في وقت قصير كما أنه يقلل من الالتجاء إلى الخصومة القضائية، ويهدف إلى تقليص عدد القضايا المطروحة على القضاء، لذلك أوجب على الطرفين المتنازعين اللجوء إلى المفاوضة المباشرة بين صاحب العمل أو من يمثله وبين العمال أو من يمثلهم وللوزارة إيفاد مندوب عنها لحضور هذه المفاوضات بصفة مراقب، فإذا تم التوصل إلى حل بين طرفي النزاع إلى اتفاق يتم تسجيل هذا الاتفاق لدى الوزارة (الهيئة العامة للقوى العاملة) خلال خمسة عشر يوماً بحيث يتوافر الضمان اللازم لتنفيذ نصوص الاتفاق.,المنازعة الجماعية وعقد العمل الجماعي